{
    "loss": [
        0.00281343050301075,
        0.0009087228681892157,
        0.0009004623279906809,
        0.000897737336345017,
        0.0008976763347163796,
        0.0008982910076156259,
        0.000897539546713233,
        0.0008969263290055096,
        0.0008970051421783864,
        0.0008972440846264362,
        0.0008971393690444529,
        0.0008946813177317381,
        0.0008946544257923961,
        0.0008949011680670083,
        0.0008945247973315418,
        0.0008948390022851527,
        0.0008948949980549514,
        0.0008947317837737501,
        0.0008948142058216035,
        0.0008951600175350904,
        0.0008949619368650019,
        0.0008938838145695627,
        0.0008936466183513403,
        0.0008935171645134687,
        0.0008933753124438226,
        0.0008934733341448009,
        0.0008935661753639579,
        0.0008936612866818905,
        0.0008936453377828002,
        0.0008935511577874422,
        0.0008932886412367225,
        0.0008929322939366102,
        0.0008927282178774476,
        0.0008929055766202509,
        0.0008929340401664376,
        0.0008929824689403176,
        0.0008928674506023526
    ],
    "mae": [
        0.040343184024095535,
        0.03463650867342949,
        0.03446245193481445,
        0.03445073217153549,
        0.034451428800821304,
        0.034463122487068176,
        0.03444666787981987,
        0.03443311154842377,
        0.034436143934726715,
        0.034441009163856506,
        0.03443309664726257,
        0.034384191036224365,
        0.03438164293766022,
        0.03438657149672508,
        0.034382518380880356,
        0.03438280522823334,
        0.034384194761514664,
        0.03438258171081543,
        0.034378498792648315,
        0.03439442068338394,
        0.034387510269880295,
        0.03436390683054924,
        0.034360140562057495,
        0.034356579184532166,
        0.034352343529462814,
        0.03435476869344711,
        0.03436166048049927,
        0.034360527992248535,
        0.0343598909676075,
        0.03435801714658737,
        0.03435247391462326,
        0.03434145450592041,
        0.03434329479932785,
        0.034343935549259186,
        0.034346744418144226,
        0.034345097839832306,
        0.03434401750564575
    ],
    "val_loss": [
        0.0008746891398914158,
        0.0008937846287153661,
        0.0008740773191675544,
        0.0008742388454265893,
        0.0008729403489269316,
        0.0008739389595575631,
        0.0008730387780815363,
        0.0008766376413404942,
        0.0008730883128009737,
        0.0008833485771901906,
        0.0008764126105234027,
        0.0008732644491828978,
        0.000873963232152164,
        0.0008738189935684204,
        0.000874066143296659,
        0.0008782517979852855,
        0.0008728398242965341,
        0.0008731853449717164,
        0.0008729231776669621,
        0.0008739071199670434,
        0.000872862059623003,
        0.0008729014080017805,
        0.0008735532755963504,
        0.0008731124689802527,
        0.0008730320842005312,
        0.0008732157875783741,
        0.0008730879053473473,
        0.0008729436085559428,
        0.0008730893605388701,
        0.0008737121825106442,
        0.0008729861001484096,
        0.0008728672401048243,
        0.0008731473935768008,
        0.000877615122590214,
        0.0008730938425287604,
        0.0008738889591768384,
        0.0008728902321308851
    ],
    "val_mae": [
        0.03394047170877457,
        0.034172214567661285,
        0.03391224890947342,
        0.033924367278814316,
        0.033865734934806824,
        0.033903129398822784,
        0.03386417776346207,
        0.03407374396920204,
        0.03388424217700958,
        0.034142445772886276,
        0.03403393179178238,
        0.033858004957437515,
        0.033957820385694504,
        0.03391905874013901,
        0.03392912447452545,
        0.034087467938661575,
        0.03388061001896858,
        0.03385770320892334,
        0.03389716520905495,
        0.03385334089398384,
        0.033870141953229904,
        0.03388100117444992,
        0.033922623842954636,
        0.03391573578119278,
        0.03390491008758545,
        0.033909209072589874,
        0.033879946917295456,
        0.0338982418179512,
        0.03387686610221863,
        0.03385339304804802,
        0.033870939165353775,
        0.03386835381388664,
        0.03387198969721794,
        0.03404545411467552,
        0.03385714814066887,
        0.03393568471074104,
        0.03386688232421875
    ],
    "lr": [
        0.0010000000474974513,
        0.0010000000474974513,
        0.0010000000474974513,
        0.0010000000474974513,
        0.0010000000474974513,
        0.0010000000474974513,
        0.0010000000474974513,
        0.0010000000474974513,
        0.0010000000474974513,
        0.0010000000474974513,
        0.0010000000474974513,
        0.0005000000237487257,
        0.0005000000237487257,
        0.0005000000237487257,
        0.0005000000237487257,
        0.0005000000237487257,
        0.0005000000237487257,
        0.0005000000237487257,
        0.0005000000237487257,
        0.0005000000237487257,
        0.0005000000237487257,
        0.0002500000118743628,
        0.0002500000118743628,
        0.0002500000118743628,
        0.0002500000118743628,
        0.0002500000118743628,
        0.0002500000118743628,
        0.0002500000118743628,
        0.0002500000118743628,
        0.0002500000118743628,
        0.0002500000118743628,
        0.0001250000059371814,
        0.0001250000059371814,
        0.0001250000059371814,
        0.0001250000059371814,
        0.0001250000059371814,
        0.0001250000059371814
    ]
}