{
  "a": [
    1.0008472348166337,
    1.0017545051541914,
    1.0031942140469683,
    1.0048609993244406,
    1.0067612307415517,
    1.008425364851877,
    1.01047817657752,
    1.0124091820241712,
    1.0147116308974764,
    1.0173956022776558,
    1.019594879961155,
    1.0216477187700568,
    1.0239674013225324,
    1.02683831138602
  ],
  "b": [
    -0.0013781700764161008,
    -0.00026408746810524904,
    -0.004273383687919542,
    -0.0047613465629015835,
    -0.011769543256395521,
    -0.016268918864569968,
    -0.024794731824320626,
    -0.031143165959547612,
    -0.03330881564587958,
    -0.0318400609456003,
    -0.01753438748867859,
    -0.004988118271780247,
    0.007298086923950863,
    0.02023651986667165
  ]
}