{
  "t+1": {
    "pos_frac": 0.4303362020927497,
    "neg_frac": 0.5696637979072503
  },
  "t+2": {
    "pos_frac": 0.430437743792954,
    "neg_frac": 0.5695622562070459
  },
  "t+3": {
    "pos_frac": 0.43085134047427404,
    "neg_frac": 0.569148659525726
  },
  "t+4": {
    "pos_frac": 0.43053928549315834,
    "neg_frac": 0.5694607145068417
  },
  "t+5": {
    "pos_frac": 0.43069283635688194,
    "neg_frac": 0.5693071636431181
  },
  "t+6": {
    "pos_frac": 0.4304748931954678,
    "neg_frac": 0.5695251068045322
  },
  "t+7": {
    "pos_frac": 0.4304055476441087,
    "neg_frac": 0.5695944523558913
  },
  "t+8": {
    "pos_frac": 0.4304922295833075,
    "neg_frac": 0.5695077704166924
  },
  "t+9": {
    "pos_frac": 0.4305516686273296,
    "neg_frac": 0.5694483313726704
  },
  "t+10": {
    "pos_frac": 0.4307200792520587,
    "neg_frac": 0.5692799207479413
  },
  "t+11": {
    "pos_frac": 0.4307299857593957,
    "neg_frac": 0.5692700142406043
  },
  "t+12": {
    "pos_frac": 0.4307597052814067,
    "neg_frac": 0.5692402947185933
  },
  "t+13": {
    "pos_frac": 0.4308389573401028,
    "neg_frac": 0.5691610426598972
  },
  "t+14": {
    "pos_frac": 0.43077951829608074,
    "neg_frac": 0.5692204817039193
  }
}