{
  "t+1": 0.2915060154882478,
  "t+2": 0.40819385039701916,
  "t+3": 0.49659952288449355,
  "t+4": 0.5652049945108861,
  "t+5": 0.6332100438448693,
  "t+6": 0.6965486321654539,
  "t+7": 0.7616520234387549,
  "t+8": 0.8162650835229615,
  "t+9": 0.8689668239233386,
  "t+10": 0.9186404422862414,
  "t+11": 0.9709956610264286,
  "t+12": 1.0119498719356892,
  "t+13": 1.0593634765177349,
  "t+14": 1.1066615032840459
}