{
  "t+1": 0.28867456316947937,
  "t+2": 0.4047900438308716,
  "t+3": 0.49306583404541016,
  "t+4": 0.562225341796875,
  "t+5": 0.628654956817627,
  "t+6": 0.6929481029510498,
  "t+7": 0.7625632882118225,
  "t+8": 0.821476399898529,
  "t+9": 0.879837155342102,
  "t+10": 0.9358071684837341,
  "t+11": 0.9990354180335999,
  "t+12": 1.0485916137695312,
  "t+13": 1.1077722311019897,
  "t+14": 1.1694453954696655
}