{
  "loss": [
    0.09365867078304291,
    0.09064219892024994,
    0.09051775187253952,
    0.09048119932413101,
    0.09048102051019669,
    0.09048145264387131,
    0.09048246592283249,
    0.09048187732696533,
    0.09048159420490265,
    0.09048207104206085,
    0.09045694768428802,
    0.09045761078596115,
    0.09045775234699249,
    0.09045764058828354,
    0.09045728296041489,
    0.09045768529176712,
    0.09045744687318802,
    0.09045775234699249,
    0.0904458686709404,
    0.09044574946165085,
    0.09044574201107025,
    0.09044592082500458,
    0.09044601768255234,
    0.09044598788022995,
    0.09044595062732697,
    0.09044617414474487,
    0.09044015407562256,
    0.09044016152620316,
    0.09044016152620316,
    0.09043995290994644,
    0.0904400572180748,
    0.09044002741575241,
    0.0904400423169136,
    0.09043983370065689,
    0.09043700993061066,
    0.09043704718351364,
    0.09043736010789871,
    0.09043747186660767,
    0.09043720364570618,
    0.09043708443641663,
    0.09043712168931961,
    0.09043708443641663,
    0.09043686091899872,
    0.09043706208467484,
    0.09043707698583603,
    0.09043563902378082,
    0.09043575823307037,
    0.09043584764003754,
    0.09043588489294052,
    0.09043560922145844
  ],
  "mae": [
    0.6636714339256287,
    0.6609572172164917,
    0.6609741449356079,
    0.6609793901443481,
    0.6609790921211243,
    0.6609793901443481,
    0.6609797477722168,
    0.6609798669815063,
    0.660979151725769,
    0.6609795093536377,
    0.660982072353363,
    0.6609817743301392,
    0.6609830260276794,
    0.6609820127487183,
    0.6609808802604675,
    0.6609820127487183,
    0.6609825491905212,
    0.6609826683998108,
    0.6609830260276794,
    0.6609829068183899,
    0.6609833836555481,
    0.6609846353530884,
    0.6609829664230347,
    0.6609850525856018,
    0.660983145236969,
    0.6609845757484436,
    0.6609838604927063,
    0.6609848737716675,
    0.6609858870506287,
    0.660984456539154,
    0.6609839200973511,
    0.6609852313995361,
    0.6609836220741272,
    0.6609836220741272,
    0.6609869599342346,
    0.6609846949577332,
    0.6609845757484436,
    0.6609847545623779,
    0.6609852910041809,
    0.6609845757484436,
    0.6609853506088257,
    0.6609843373298645,
    0.6609857082366943,
    0.6609845757484436,
    0.6609841585159302,
    0.6609867811203003,
    0.6609840393066406,
    0.6609840393066406,
    0.660984992980957,
    0.6609832644462585
  ],
  "val_loss": [
    0.07990895956754684,
    0.0796857625246048,
    0.07963159680366516,
    0.07964041084051132,
    0.07963167876005173,
    0.07961443811655045,
    0.07964210957288742,
    0.07962477207183838,
    0.0796295627951622,
    0.07963498681783676,
    0.07960230857133865,
    0.07960591465234756,
    0.07960612326860428,
    0.07960399985313416,
    0.07961040735244751,
    0.0795978531241417,
    0.07960927486419678,
    0.07961193472146988,
    0.07959777116775513,
    0.07959479093551636,
    0.07959222048521042,
    0.07958940416574478,
    0.07959306240081787,
    0.07959017157554626,
    0.07959224283695221,
    0.07959473133087158,
    0.07958781719207764,
    0.07959060370922089,
    0.07958590984344482,
    0.07959109544754028,
    0.07958773523569107,
    0.07958926260471344,
    0.07958808541297913,
    0.07959035784006119,
    0.07958601415157318,
    0.07958608120679855,
    0.07958541065454483,
    0.07958494871854782,
    0.07958470284938812,
    0.0795866847038269,
    0.07958691567182541,
    0.07958520948886871,
    0.07958519458770752,
    0.0795876607298851,
    0.07958570122718811,
    0.07958368957042694,
    0.07958459854125977,
    0.07958479225635529,
    0.07958418875932693,
    0.07958466559648514
  ],
  "val_mae": [
    0.6059472560882568,
    0.6060305833816528,
    0.6060012578964233,
    0.6059877276420593,
    0.6060097217559814,
    0.6060088276863098,
    0.6059975624084473,
    0.6060019731521606,
    0.6060128211975098,
    0.6060060262680054,
    0.6060124635696411,
    0.6060080528259277,
    0.6060097217559814,
    0.6060087084770203,
    0.606005847454071,
    0.6060118079185486,
    0.6060087084770203,
    0.606001615524292,
    0.6060069799423218,
    0.6060094237327576,
    0.6060090065002441,
    0.6060096025466919,
    0.6060110330581665,
    0.6060096025466919,
    0.6060084700584412,
    0.6060095429420471,
    0.606010377407074,
    0.6060094237327576,
    0.6060094833374023,
    0.6060091257095337,
    0.606009840965271,
    0.6060105562210083,
    0.6060096621513367,
    0.6060090661048889,
    0.6060092449188232,
    0.6060093641281128,
    0.6060101389884949,
    0.6060101389884949,
    0.6060097813606262,
    0.6060086488723755,
    0.6060093641281128,
    0.6060097813606262,
    0.6060103178024292,
    0.6060096621513367,
    0.6060104370117188,
    0.6060099005699158,
    0.606009840965271,
    0.6060095429420471,
    0.6060096025466919,
    0.6060099601745605
  ],
  "lr": [
    0.0010000000474974513,
    0.0010000000474974513,
    0.0010000000474974513,
    0.0010000000474974513,
    0.0010000000474974513,
    0.0010000000474974513,
    0.0010000000474974513,
    0.0010000000474974513,
    0.0010000000474974513,
    0.0010000000474974513,
    0.0005000000237487257,
    0.0005000000237487257,
    0.0005000000237487257,
    0.0005000000237487257,
    0.0005000000237487257,
    0.0005000000237487257,
    0.0005000000237487257,
    0.0005000000237487257,
    0.0002500000118743628,
    0.0002500000118743628,
    0.0002500000118743628,
    0.0002500000118743628,
    0.0002500000118743628,
    0.0002500000118743628,
    0.0002500000118743628,
    0.0002500000118743628,
    0.0001250000059371814,
    0.0001250000059371814,
    0.0001250000059371814,
    0.0001250000059371814,
    0.0001250000059371814,
    0.0001250000059371814,
    0.0001250000059371814,
    0.0001250000059371814,
    6.25000029685907e-05,
    6.25000029685907e-05,
    6.25000029685907e-05,
    6.25000029685907e-05,
    6.25000029685907e-05,
    6.25000029685907e-05,
    6.25000029685907e-05,
    6.25000029685907e-05,
    6.25000029685907e-05,
    6.25000029685907e-05,
    6.25000029685907e-05,
    3.125000148429535e-05,
    3.125000148429535e-05,
    3.125000148429535e-05,
    3.125000148429535e-05,
    3.125000148429535e-05
  ]
}