{
    "loss": [
        0.3484407067298889,
        0.3436380922794342,
        0.34318968653678894,
        0.34304195642471313,
        0.3428933620452881,
        0.34282535314559937,
        0.34279656410217285,
        0.3426678776741028,
        0.342606782913208,
        0.34259676933288574,
        0.3426123261451721,
        0.3425925374031067,
        0.3424969017505646,
        0.3421001434326172,
        0.3417070508003235,
        0.34132423996925354,
        0.3411574363708496,
        0.34067776799201965,
        0.3404216766357422,
        0.33984899520874023,
        0.3396035134792328,
        0.339412659406662,
        0.33893632888793945,
        0.33830881118774414,
        0.3378541171550751,
        0.33719879388809204,
        0.33652162551879883,
        0.33568447828292847,
        0.33505508303642273,
        0.3339732885360718,
        0.33301642537117004,
        0.3318865895271301,
        0.330854207277298,
        0.32976627349853516,
        0.3287593126296997,
        0.3277703523635864,
        0.3269708752632141,
        0.32571670413017273,
        0.3249934911727905,
        0.3243294954299927,
        0.32346251606941223,
        0.32252395153045654,
        0.3220670521259308,
        0.3212766945362091,
        0.3204708993434906,
        0.32008597254753113,
        0.3192656636238098,
        0.3188112676143646,
        0.318548321723938,
        0.31768906116485596
    ],
    "forecast_close_loss": [
        0.005570635199546814,
        0.0014081444824114442,
        0.0009919259464368224,
        0.0008878500084392726,
        0.0007410121615976095,
        0.0007003122009336948,
        0.000690095650497824,
        0.0005487011512741446,
        0.0005067259771749377,
        0.0004916893667541444,
        0.0005168613279238343,
        0.0005319181946106255,
        0.0005392179009504616,
        0.0005270474357530475,
        0.0005541698774322867,
        0.0005076336092315614,
        0.0005011811153963208,
        0.0004790367092937231,
        0.0004955926560796797,
        0.0004793020198121667,
        0.00048016058281064034,
        0.0004882087232545018,
        0.0004985456471331418,
        0.0005231255199760199,
        0.0005194498226046562,
        0.0005455369828268886,
        0.0005655207787640393,
        0.000593515345826745,
        0.0006297121872194111,
        0.0006750105530954897,
        0.000687924213707447,
        0.0006997439777478576,
        0.0007191581535153091,
        0.0007124699768610299,
        0.0007388665690086782,
        0.0007462709327228367,
        0.0007657887181267142,
        0.0007685708696953952,
        0.0007902744691818953,
        0.0007901270291768014,
        0.0008033353369683027,
        0.0008004388655535877,
        0.0007891022833064198,
        0.0007854587747715414,
        0.0007837738376110792,
        0.0007856853771954775,
        0.0008044946589507163,
        0.0008139165001921356,
        0.000821274530608207,
        0.0008460819954052567
    ],
    "direction_classifier_loss": [
        0.6857396364212036,
        0.6844605803489685,
        0.6843960285186768,
        0.6843073964118958,
        0.6843035221099854,
        0.6842492818832397,
        0.6842109560966492,
        0.6842399835586548,
        0.6842013001441956,
        0.6842100024223328,
        0.6841928362846375,
        0.6841213703155518,
        0.6839162111282349,
        0.6831435561180115,
        0.6823059916496277,
        0.6816340088844299,
        0.6813138127326965,
        0.6803964376449585,
        0.6798521876335144,
        0.6787388324737549,
        0.678248941898346,
        0.6778481006622314,
        0.6768752932548523,
        0.6755732297897339,
        0.6746684908866882,
        0.6733060479164124,
        0.6719146966934204,
        0.6701797842979431,
        0.6688483953475952,
        0.6665976047515869,
        0.6646568179130554,
        0.6623756885528564,
        0.6602669954299927,
        0.6581088304519653,
        0.6560412049293518,
        0.6540477871894836,
        0.6524097323417664,
        0.6498948335647583,
        0.6484063267707825,
        0.6470807194709778,
        0.6453167200088501,
        0.6434487700462341,
        0.6425564885139465,
        0.6409822106361389,
        0.6393762230873108,
        0.6386019587516785,
        0.6369203329086304,
        0.6359976530075073,
        0.6354518532752991,
        0.6336839199066162
    ],
    "forecast_close_mae": [
        0.06737052649259567,
        0.036097001284360886,
        0.03004629537463188,
        0.028110358864068985,
        0.026181403547525406,
        0.02558210678398609,
        0.025901883840560913,
        0.023230943828821182,
        0.022262172773480415,
        0.02210128679871559,
        0.022447211667895317,
        0.023084232583642006,
        0.023436125367879868,
        0.023460598662495613,
        0.024216528981924057,
        0.02300768718123436,
        0.02275686152279377,
        0.0225794967263937,
        0.022912267595529556,
        0.022663895040750504,
        0.02272612974047661,
        0.02279907464981079,
        0.023092282935976982,
        0.023860109969973564,
        0.023845070973038673,
        0.024519478902220726,
        0.0249808207154274,
        0.025692172348499298,
        0.026548165827989578,
        0.027484038844704628,
        0.027763891965150833,
        0.02800653502345085,
        0.028514020144939423,
        0.02833879180252552,
        0.028887709602713585,
        0.029099171981215477,
        0.029396902769804,
        0.029497012495994568,
        0.029905080795288086,
        0.029912833124399185,
        0.030139606446027756,
        0.030048010870814323,
        0.02987474948167801,
        0.029867565259337425,
        0.029869506135582924,
        0.02989794686436653,
        0.030242476612329483,
        0.0303953867405653,
        0.030566327273845673,
        0.03102961927652359
    ],
    "direction_classifier_accuracy": [
        0.19352002441883087,
        0.20946891605854034,
        0.21727104485034943,
        0.21940726041793823,
        0.21060387790203094,
        0.18761345744132996,
        0.20030008256435394,
        0.21380969882011414,
        0.20707421004772186,
        0.2046438455581665,
        0.20802496373653412,
        0.192616805434227,
        0.21574091911315918,
        0.20967689156532288,
        0.2074604481458664,
        0.20447447896003723,
        0.20561538636684418,
        0.19940875470638275,
        0.19071529805660248,
        0.19681496918201447,
        0.19404590129852295,
        0.20663447678089142,
        0.24341677129268646,
        0.24683056771755219,
        0.25710761547088623,
        0.2747054994106293,
        0.2760276198387146,
        0.27831539511680603,
        0.2765713334083557,
        0.2773973047733307,
        0.2803981304168701,
        0.28326523303985596,
        0.2873742878437042,
        0.2901671230792999,
        0.29161107540130615,
        0.2959459125995636,
        0.29831093549728394,
        0.3036886155605316,
        0.30623188614845276,
        0.3070608377456665,
        0.31089654564857483,
        0.31716853380203247,
        0.3206387758255005,
        0.3240526020526886,
        0.32647404074668884,
        0.32805466651916504,
        0.33264800906181335,
        0.3319854438304901,
        0.33115354180336,
        0.3338542580604553
    ],