{
    "loss": [
        0.347467839717865,
        0.3442373275756836,
        0.3437653183937073,
        0.3432754874229431,
        0.34279781579971313,
        0.34262627363204956,
        0.34246185421943665,
        0.34239575266838074,
        0.34241169691085815,
        0.34235355257987976,
        0.34234535694122314,
        0.3423232436180115,
        0.3423364460468292,
        0.34221652150154114,
        0.3420634865760803,
        0.34200894832611084,
        0.3415839672088623,
        0.3410986363887787,
        0.3407526910305023,
        0.34049466252326965,
        0.3402041792869568,
        0.34002503752708435,
        0.3398774564266205,
        0.33958959579467773,
        0.33916348218917847,
        0.3388378322124481,
        0.33852994441986084,
        0.33814793825149536,
        0.337757408618927,
        0.33738183975219727,
        0.33712226152420044,
        0.336844801902771,
        0.3366544842720032,
        0.33631476759910583,
        0.3359963595867157,
        0.33570900559425354,
        0.33535146713256836,
        0.3350507915019989,
        0.334539532661438,
        0.3341633081436157,
        0.33374202251434326,
        0.33331382274627686,
        0.33274734020233154,
        0.33230558037757874,
        0.33167827129364014,
        0.3315202295780182,
        0.3308469355106354,
        0.33036696910858154,
        0.32973766326904297,
        0.3290974795818329
    ],
    "forecast_close_loss": [
        0.005050390958786011,
        0.002342943102121353,
        0.0019023364875465631,
        0.0014223018661141396,
        0.0009785555303096771,
        0.0008081501582637429,
        0.0006648668204434216,
        0.0006106372456997633,
        0.000619832135271281,
        0.0005680311005562544,
        0.0005674752756021917,
        0.0005459114909172058,
        0.000558097439352423,
        0.0004430926637724042,
        0.00041588160092942417,
        0.000565261987503618,
        0.0005314551526680589,
        0.0004804854397661984,
        0.0004652064526453614,
        0.00046925758942961693,
        0.000502393173519522,
        0.0004965172265656292,
        0.00048223815974779427,
        0.00048755950410850346,
        0.00048321307986043394,
        0.0004934079479426146,
        0.00050038390327245,
        0.0004843102360609919,
        0.00048092540237121284,
        0.0004684576706495136,
        0.000468962243758142,
        0.00047389508108608425,
        0.0004700431600213051,
        0.00046412990195676684,
        0.0004670643247663975,
        0.00047816967708058655,
        0.00048458969104103744,
        0.00048113649245351553,
        0.00048507784958928823,
        0.0004949801368638873,
        0.0004989815643057227,
        0.0005035654758103192,
        0.0005146547919139266,
        0.0005331271095201373,
        0.0005468478775583208,
        0.0005536134704016149,
        0.0005719454493373632,
        0.000571322743780911,
        0.0005805640248581767,
        0.0005957413231953979
    ],
    "direction_classifier_loss": [
        0.6848352551460266,
        0.6837904453277588,
        0.6837266087532043,
        0.6837062835693359,
        0.6836374402046204,
        0.6836344599723816,
        0.6835938096046448,
        0.6835713386535645,
        0.6835824251174927,
        0.6835715770721436,
        0.6835539937019348,
        0.6835548877716064,
        0.6835561394691467,
        0.6835451722145081,
        0.6832945346832275,
        0.6828880906105042,
        0.6821045875549316,
        0.6812356114387512,
        0.6805757284164429,
        0.6800509691238403,
        0.6794047355651855,
        0.6790547370910645,
        0.6787889003753662,
        0.6782038807868958,
        0.6773562431335449,
        0.6766902208328247,
        0.6760604381561279,
        0.6753275394439697,
        0.6745523810386658,
        0.6738301515579224,
        0.6733072400093079,
        0.6727423071861267,
        0.6723693609237671,
        0.671704113483429,
        0.6710564494132996,
        0.6704643964767456,
        0.6697336435317993,
        0.6691391468048096,
        0.6681076884269714,
        0.6673372983932495,
        0.6664852499961853,
        0.6656194925308228,
        0.6644641160964966,
        0.6635448336601257,
        0.6622639894485474,
        0.6619337797164917,
        0.6605501174926758,
        0.6595889925956726,
        0.6583136320114136,
        0.657001793384552
    ],
    "forecast_close_mae": [
        0.06442787498235703,
        0.04774658754467964,
        0.04192965850234032,
        0.037158671766519547,
        0.03189491108059883,
        0.029241997748613358,
        0.026289721950888634,
        0.024852139875292778,
        0.025351667776703835,
        0.024193525314331055,
        0.02413232997059822,
        0.023634523153305054,
        0.023843809962272644,
        0.020829331129789352,
        0.02024780586361885,
        0.023807642981410027,
        0.023315146565437317,
        0.022359510883688927,
        0.021930711343884468,
        0.022041957825422287,
        0.023068053647875786,
        0.022818289697170258,
        0.022416556254029274,
        0.021945402026176453,
        0.022402239963412285,
        0.022656556218862534,
        0.022719470784068108,
        0.02257629670202732,
        0.022526971995830536,
        0.022118186578154564,
        0.02221774496138096,
        0.022310180589556694,
        0.022227197885513306,
        0.02210584469139576,
        0.02222040295600891,
        0.022556085139513016,
        0.02265077829360962,
        0.022607766091823578,
        0.022766517475247383,
        0.023076005280017853,
        0.023219337686896324,
        0.023330125957727432,
        0.023648947477340698,
        0.02412845939397812,
        0.02452859655022621,
        0.024697784334421158,
        0.025099193677306175,
        0.025143858045339584,
        0.025380149483680725,
        0.025723537430167198
    ],
    "direction_classifier_accuracy": [
        0.19365671277046204,
        0.19755598902702332,
        0.20499373972415924,
        0.2103552371263504,
        0.20408222079277039,
        0.2130264937877655,
        0.2054779827594757,
        0.21089962124824524,
        0.19955943524837494,
        0.21654914319515228,
        0.21746382117271423,
        0.21721062064170837,
        0.22058451175689697,
        0.20886452496051788,
        0.18897885084152222,
        0.1955462098121643,
        0.21554900705814362,
        0.20255668461322784,
        0.20357581973075867,
        0.2008412629365921,
        0.18010102212429047,
        0.19918596744537354,
        0.20664270222187042,
        0.19867639243602753,
        0.1972363293170929,
        0.19697995483875275,
        0.19947081804275513,
        0.1940460056066513,
        0.18418388068675995,
        0.18942826986312866,
        0.17828431725502014,
        0.1851397007703781,
        0.1947011649608612,
        0.1822437345981598,
        0.18601323664188385,
        0.1999455690383911,
        0.20408537983894348,
        0.21125410497188568,
        0.21684032678604126,
        0.21598577499389648,
        0.22006544470787048,
        0.22514528036117554,
        0.2310195118188858,
        0.2383306473493576,
        0.2446574866771698,
        0.24281544983386993,
        0.2506456673145294,
        0.2517407536506653,
        0.2569883167743683,
        0.2622358798980713
    ],